feature_set_id,feature_set,estimator,estimator_id,seed,r2,rmse,mae,spearman,validation_score,runtime_seconds,status,convergence_note,best_params_json,source
A,Chemistry,Ridge,ridge,0,0.1074577233368078,1.079334797264422,0.6976905967300929,0.4739624710068151,,,completed,,"{""alpha"": 0.06962772308896975}",results/minor_revision_experiments/raw_runs/estimator_matrix/Chem_ridge/seed_0/metrics.json
A,Chemistry,Ridge,ridge,1,0.107465700394396,1.0793299739998563,0.697681286088681,0.4739552352984062,,,completed,,"{""alpha"": 0.033073359025562174}",results/minor_revision_experiments/raw_runs/estimator_matrix/Chem_ridge/seed_1/metrics.json
A,Chemistry,Ridge,ridge,2,0.1074698633488002,1.0793274568939537,0.6976763571584618,0.4739864392909194,,,completed,,"{""alpha"": 0.01410244360291642}",results/minor_revision_experiments/raw_runs/estimator_matrix/Chem_ridge/seed_2/metrics.json
A,Chemistry,Ridge,ridge,3,0.1074699367033897,1.0793274125404797,0.6976762836973867,0.4739835657348455,,,completed,,"{""alpha"": 0.013087251453325118}",results/minor_revision_experiments/raw_runs/estimator_matrix/Chem_ridge/seed_3/metrics.json
A,Chemistry,Ridge,ridge,4,0.1074643667813822,1.0793307803598822,0.697682831850465,0.4739527762881265,,,completed,,"{""alpha"": 0.039667133279122746}",results/minor_revision_experiments/raw_runs/estimator_matrix/Chem_ridge/seed_4/metrics.json
A,Chemistry,ElasticNet,elasticnet,0,0.1074467434380967,1.0793414361377909,0.6977042669475999,0.473970206054476,,,completed,See execution log; ElasticNet/SVR emitted convergence warnings in some trials.,"{""alpha"": 2.4291211447042802e-05, ""l1_ratio"": 0.04631580866305078}",results/minor_revision_experiments/raw_runs/estimator_matrix/Chem_elasticnet/seed_0/metrics.json
A,Chemistry,ElasticNet,elasticnet,1,0.1072198066912752,1.0794786417694524,0.6980219555693179,0.4729872237613369,,,completed,See execution log; ElasticNet/SVR emitted convergence warnings in some trials.,"{""alpha"": 0.0002649493406998562, ""l1_ratio"": 0.7117250030301383}",results/minor_revision_experiments/raw_runs/estimator_matrix/Chem_elasticnet/seed_1/metrics.json
A,Chemistry,ElasticNet,elasticnet,2,0.1074617964065405,1.0793323345178245,0.6976894961336263,0.4739445136367274,,,completed,See execution log; ElasticNet/SVR emitted convergence warnings in some trials.,"{""alpha"": 1.3228956587874199e-05, ""l1_ratio"": 0.7990429114381695}",results/minor_revision_experiments/raw_runs/estimator_matrix/Chem_elasticnet/seed_2/metrics.json
A,Chemistry,ElasticNet,elasticnet,3,0.1072713379447974,1.0794474875779188,0.6979757102829325,0.47284841215998,,,completed,See execution log; ElasticNet/SVR emitted convergence warnings in some trials.,"{""alpha"": 0.00023181660056024504, ""l1_ratio"": 0.9390236459018803}",results/minor_revision_experiments/raw_runs/estimator_matrix/Chem_elasticnet/seed_3/metrics.json
A,Chemistry,ElasticNet,elasticnet,4,0.1074447189719929,1.0793426602041964,0.6977089662569737,0.4740055555049319,,,completed,See execution log; ElasticNet/SVR emitted convergence warnings in some trials.,"{""alpha"": 2.8279110666044367e-05, ""l1_ratio"": 0.27954892400347126}",results/minor_revision_experiments/raw_runs/estimator_matrix/Chem_elasticnet/seed_4/metrics.json
A,Chemistry,Random Forest,random_forest,0,0.4070194475557377,0.8797555307002779,0.5312376879485451,0.7047925174086213,,,completed,,"{""max_depth"": 11, ""min_samples_leaf"": 3, ""min_samples_split"": 13, ""n_estimators"": 111}",results/minor_revision_experiments/raw_runs/estimator_matrix/Chem_random_forest/seed_0/metrics.json
A,Chemistry,Random Forest,random_forest,1,0.4135639489865277,0.8748872971772363,0.5311029798922582,0.7069612326406758,,,completed,,"{""max_depth"": 13, ""min_samples_leaf"": 4, ""min_samples_split"": 9, ""n_estimators"": 446}",results/minor_revision_experiments/raw_runs/estimator_matrix/Chem_random_forest/seed_1/metrics.json
A,Chemistry,Random Forest,random_forest,2,0.4223786101400484,0.8682872306650956,0.5276462692747278,0.7100286207177585,,,completed,,"{""max_depth"": 13, ""min_samples_leaf"": 1, ""min_samples_split"": 11, ""n_estimators"": 199}",results/minor_revision_experiments/raw_runs/estimator_matrix/Chem_random_forest/seed_2/metrics.json
A,Chemistry,Random Forest,random_forest,3,0.3946036308998588,0.8889179715197129,0.5437756311315919,0.6933740284914947,,,completed,,"{""max_depth"": 20, ""min_samples_leaf"": 9, ""min_samples_split"": 2, ""n_estimators"": 403}",results/minor_revision_experiments/raw_runs/estimator_matrix/Chem_random_forest/seed_3/metrics.json
A,Chemistry,Random Forest,random_forest,4,0.4066605317026055,0.8800217371044551,0.5338018083259565,0.7039867816823429,,,completed,,"{""max_depth"": 12, ""min_samples_leaf"": 4, ""min_samples_split"": 15, ""n_estimators"": 353}",results/minor_revision_experiments/raw_runs/estimator_matrix/Chem_random_forest/seed_4/metrics.json
A,Chemistry,RBF-SVR,svr,0,0.365830571496997,0.9097968558745408,0.5025553194305161,0.7273797135536075,,,completed,See execution log; ElasticNet/SVR emitted convergence warnings in some trials.,"{""C"": 1.2701607743445882, ""epsilon"": 0.15742680064520406, ""gamma"": 0.5002141094449658}",results/minor_revision_experiments/raw_runs/estimator_matrix/Chem_svr/seed_0/metrics.json
A,Chemistry,RBF-SVR,svr,1,0.3509373838106349,0.9204179476123038,0.5034388031340743,0.7219066020437002,,,completed,See execution log; ElasticNet/SVR emitted convergence warnings in some trials.,"{""C"": 1.6912084007726307, ""epsilon"": 0.0010280039360262483, ""gamma"": 0.10144782798271279}",results/minor_revision_experiments/raw_runs/estimator_matrix/Chem_svr/seed_1/metrics.json
A,Chemistry,RBF-SVR,svr,2,0.3831394578749204,0.8972950587948714,0.5047464929303478,0.7261499399012026,,,completed,See execution log; ElasticNet/SVR emitted convergence warnings in some trials.,"{""C"": 2.799321907870355, ""epsilon"": 0.28927102783709235, ""gamma"": 0.35949156892787165}",results/minor_revision_experiments/raw_runs/estimator_matrix/Chem_svr/seed_2/metrics.json
A,Chemistry,RBF-SVR,svr,3,0.3624660893591337,0.9122070525545486,0.5055587083815904,0.7315434727508554,,,completed,See execution log; ElasticNet/SVR emitted convergence warnings in some trials.,"{""C"": 52.652584538839214, ""epsilon"": 0.19309926858465254, ""gamma"": 0.0521115407011364}",results/minor_revision_experiments/raw_runs/estimator_matrix/Chem_svr/seed_3/metrics.json
A,Chemistry,RBF-SVR,svr,4,0.3837517805209942,0.8968496011403881,0.495356856661653,0.7264372578226048,,,completed,See execution log; ElasticNet/SVR emitted convergence warnings in some trials.,"{""C"": 23.934659429874575, ""epsilon"": 0.16587457788175058, ""gamma"": 0.20247725374928482}",results/minor_revision_experiments/raw_runs/estimator_matrix/Chem_svr/seed_4/metrics.json
A,Chemistry,XGBoost,xgboost,0,0.4348416544979188,0.8588688526919595,0.5232256254941595,0.717518660931723,,,completed,,"{""colsample_bytree"": 0.8354127525684661, ""learning_rate"": 0.03908281648386225, ""max_depth"": 7, ""min_child_weight"": 6, ""n_estimators"": 153, ""reg_alpha"": 8.864385559671468e-05, ""reg_lambda"": 0.016594275727308358, ""subsample"": 0.6138055436652525}",results/minor_revision_experiments/raw_runs/estimator_matrix/Chem_xgboost/seed_0/metrics.json
A,Chemistry,XGBoost,xgboost,1,0.4293727955848264,0.8630143495598401,0.52501393490539,0.7195832492330512,,,completed,,"{""colsample_bytree"": 0.6864407212205332, ""learning_rate"": 0.03421311471906532, ""max_depth"": 5, ""min_child_weight"": 2, ""n_estimators"": 545, ""reg_alpha"": 3.1444864839469057e-06, ""reg_lambda"": 6.6544644553257315e-06, ""subsample"": 0.6898706501278498}",results/minor_revision_experiments/raw_runs/estimator_matrix/Chem_xgboost/seed_1/metrics.json
A,Chemistry,XGBoost,xgboost,2,0.4259108281377366,0.8656283238469366,0.5252342588663329,0.7159367509451785,,,completed,,"{""colsample_bytree"": 0.5198295345087478, ""learning_rate"": 0.03412160381380861, ""max_depth"": 5, ""min_child_weight"": 4, ""n_estimators"": 913, ""reg_alpha"": 3.5232515932709975e-06, ""reg_lambda"": 0.002329455771170494, ""subsample"": 0.8243686504260808}",results/minor_revision_experiments/raw_runs/estimator_matrix/Chem_xgboost/seed_2/metrics.json
A,Chemistry,XGBoost,xgboost,3,0.4283762876974567,0.8637675781687991,0.5254104238048841,0.71603904894674,,,completed,,"{""colsample_bytree"": 0.8288355846305193, ""learning_rate"": 0.010083320644555268, ""max_depth"": 5, ""min_child_weight"": 3, ""n_estimators"": 902, ""reg_alpha"": 4.5895375206559775e-06, ""reg_lambda"": 0.0001929820461929347, ""subsample"": 0.9499792958893293}",results/minor_revision_experiments/raw_runs/estimator_matrix/Chem_xgboost/seed_3/metrics.json
A,Chemistry,XGBoost,xgboost,4,0.4272072825994503,0.8646503555611215,0.5241777792000228,0.7194735005883612,,,completed,,"{""colsample_bytree"": 0.5077576213458401, ""learning_rate"": 0.024728437864186447, ""max_depth"": 7, ""min_child_weight"": 2, ""n_estimators"": 302, ""reg_alpha"": 0.003883882322669085, ""reg_lambda"": 1.2793698583777569, ""subsample"": 0.555417856862634}",results/minor_revision_experiments/raw_runs/estimator_matrix/Chem_xgboost/seed_4/metrics.json
B,Site,Ridge,ridge,0,0.1429675037150747,1.0576462291236064,0.7011853499146231,0.4228249206891287,,,completed,,"{""alpha"": 227.44786333269192}",results/minor_revision_experiments/raw_runs/estimator_matrix/Site_ridge/seed_0/metrics.json
B,Site,Ridge,ridge,1,0.1432990446213418,1.057441635418172,0.7011204078432643,0.4230077671370111,,,completed,,"{""alpha"": 202.42538388573638}",results/minor_revision_experiments/raw_runs/estimator_matrix/Site_ridge/seed_1/metrics.json
B,Site,Ridge,ridge,2,0.1461966744238144,1.0556518220167586,0.700559646307085,0.4237697490300216,,,completed,,"{""alpha"": 46.64687109717136}",results/minor_revision_experiments/raw_runs/estimator_matrix/Site_ridge/seed_2/metrics.json
B,Site,Ridge,ridge,3,0.1436921708396138,1.0571989861425208,0.7010513307491617,0.423460132499466,,,completed,,"{""alpha"": 174.93960634061176}",results/minor_revision_experiments/raw_runs/estimator_matrix/Site_ridge/seed_3/metrics.json
B,Site,Ridge,ridge,4,0.1415496829829691,1.0585207193432795,0.7015635081742788,0.4211434682403331,,,completed,,"{""alpha"": 354.6266336223674}",results/minor_revision_experiments/raw_runs/estimator_matrix/Site_ridge/seed_4/metrics.json
B,Site,ElasticNet,elasticnet,0,0.1473650802081689,1.054929259849588,0.7002764801131932,0.4243031387104869,,,completed,See execution log; ElasticNet/SVR emitted convergence warnings in some trials.,"{""alpha"": 0.0005102604612058883, ""l1_ratio"": 0.6691784627730188}",results/minor_revision_experiments/raw_runs/estimator_matrix/Site_elasticnet/seed_0/metrics.json
B,Site,ElasticNet,elasticnet,1,0.1441598771370187,1.0569102312450098,0.7007837999946782,0.4217113413848672,,,completed,See execution log; ElasticNet/SVR emitted convergence warnings in some trials.,"{""alpha"": 0.007746911586093816, ""l1_ratio"": 0.48174370510271103}",results/minor_revision_experiments/raw_runs/estimator_matrix/Site_elasticnet/seed_1/metrics.json
B,Site,ElasticNet,elasticnet,2,0.1417726079180412,1.058383270512908,0.7018714660769327,0.4157621935670853,,,completed,See execution log; ElasticNet/SVR emitted convergence warnings in some trials.,"{""alpha"": 0.009407619528109243, ""l1_ratio"": 0.9785954555662079}",results/minor_revision_experiments/raw_runs/estimator_matrix/Site_elasticnet/seed_2/metrics.json
B,Site,ElasticNet,elasticnet,3,0.1464214000996715,1.0555128862253924,0.7004766448465485,0.4241221200204761,,,completed,See execution log; ElasticNet/SVR emitted convergence warnings in some trials.,"{""alpha"": 0.007042394297244725, ""l1_ratio"": 0.020834354496313406}",results/minor_revision_experiments/raw_runs/estimator_matrix/Site_elasticnet/seed_3/metrics.json
B,Site,ElasticNet,elasticnet,4,0.1385745255631438,1.0603534065712756,0.7043478195990891,0.4092755211993257,,,completed,See execution log; ElasticNet/SVR emitted convergence warnings in some trials.,"{""alpha"": 0.018791349464560278, ""l1_ratio"": 0.8787065542936445}",results/minor_revision_experiments/raw_runs/estimator_matrix/Site_elasticnet/seed_4/metrics.json
B,Site,Random Forest,random_forest,0,0.3209236659024146,0.9414582778104772,0.6093926272183753,0.6128314889973808,,,completed,,"{""max_depth"": 20, ""min_samples_leaf"": 2, ""min_samples_split"": 10, ""n_estimators"": 208}",results/minor_revision_experiments/raw_runs/estimator_matrix/Site_random_forest/seed_0/metrics.json
B,Site,Random Forest,random_forest,1,0.320896509083714,0.9414771024660238,0.6059389998915515,0.6144003774400879,,,completed,,"{""max_depth"": 13, ""min_samples_leaf"": 2, ""min_samples_split"": 8, ""n_estimators"": 421}",results/minor_revision_experiments/raw_runs/estimator_matrix/Site_random_forest/seed_1/metrics.json
B,Site,Random Forest,random_forest,2,0.3241190944207147,0.9392406258097534,0.6055009992653313,0.614852865281163,,,completed,,"{""max_depth"": 16, ""min_samples_leaf"": 2, ""min_samples_split"": 10, ""n_estimators"": 218}",results/minor_revision_experiments/raw_runs/estimator_matrix/Site_random_forest/seed_2/metrics.json
B,Site,Random Forest,random_forest,3,0.326717826406973,0.9374332175936804,0.6056291072262988,0.6155697938847868,,,completed,,"{""max_depth"": 17, ""min_samples_leaf"": 2, ""min_samples_split"": 12, ""n_estimators"": 427}",results/minor_revision_experiments/raw_runs/estimator_matrix/Site_random_forest/seed_3/metrics.json
B,Site,Random Forest,random_forest,4,0.325524489693911,0.9382636110515092,0.6052553817621475,0.6143281103434252,,,completed,,"{""max_depth"": 17, ""min_samples_leaf"": 3, ""min_samples_split"": 14, ""n_estimators"": 226}",results/minor_revision_experiments/raw_runs/estimator_matrix/Site_random_forest/seed_4/metrics.json
B,Site,RBF-SVR,svr,0,0.2800640435910356,0.9693680753977156,0.5906595728470349,0.6393799014611722,,,completed,See execution log; ElasticNet/SVR emitted convergence warnings in some trials.,"{""C"": 4.041657978365748, ""epsilon"": 0.03327800017428284, ""gamma"": 0.24951142210883112}",results/minor_revision_experiments/raw_runs/estimator_matrix/Site_svr/seed_0/metrics.json
B,Site,RBF-SVR,svr,1,0.3034759787789615,0.9534761406150906,0.5721692010539517,0.653974420874953,,,completed,See execution log; ElasticNet/SVR emitted convergence warnings in some trials.,"{""C"": 31.0411431960195, ""epsilon"": 0.379157086551845, ""gamma"": 0.05218402585751307}",results/minor_revision_experiments/raw_runs/estimator_matrix/Site_svr/seed_1/metrics.json
B,Site,RBF-SVR,svr,2,0.2265809069989764,1.0047296649499478,0.5936861539692302,0.5920420042387899,,,completed,See execution log; ElasticNet/SVR emitted convergence warnings in some trials.,"{""C"": 25.834053799825437, ""epsilon"": 0.007267118011812553, ""gamma"": 0.00924184299465367}",results/minor_revision_experiments/raw_runs/estimator_matrix/Site_svr/seed_2/metrics.json
B,Site,RBF-SVR,svr,3,0.2678749650233482,0.9775397121927858,0.604237973955834,0.6230810543609061,,,completed,See execution log; ElasticNet/SVR emitted convergence warnings in some trials.,"{""C"": 5.5247226391656135, ""epsilon"": 0.01196497920482645, ""gamma"": 0.2933992014238355}",results/minor_revision_experiments/raw_runs/estimator_matrix/Site_svr/seed_3/metrics.json
B,Site,RBF-SVR,svr,4,0.2707474676199743,0.9756201322466788,0.5899639888472706,0.6415710533988476,,,completed,See execution log; ElasticNet/SVR emitted convergence warnings in some trials.,"{""C"": 69.25321391909104, ""epsilon"": 0.20116225480198846, ""gamma"": 0.019881005712415068}",results/minor_revision_experiments/raw_runs/estimator_matrix/Site_svr/seed_4/metrics.json
B,Site,XGBoost,xgboost,0,0.3314710950556915,0.9341182893026794,0.6047199183702205,0.6158477732455889,,,completed,,"{""colsample_bytree"": 0.8476632515438178, ""learning_rate"": 0.01121799914118272, ""max_depth"": 8, ""min_child_weight"": 9, ""n_estimators"": 956, ""reg_alpha"": 0.00025106433563571503, ""reg_lambda"": 8.10411676783535, ""subsample"": 0.90096772228509}",results/minor_revision_experiments/raw_runs/estimator_matrix/Site_xgboost/seed_0/metrics.json
B,Site,XGBoost,xgboost,1,0.3043090748597058,0.9529057547591692,0.6200259204148992,0.5950189761421396,,,completed,,"{""colsample_bytree"": 0.9930178261684457, ""learning_rate"": 0.03959260935006432, ""max_depth"": 4, ""min_child_weight"": 5, ""n_estimators"": 479, ""reg_alpha"": 0.0012000989490042338, ""reg_lambda"": 1.8723041561274318, ""subsample"": 0.7473376041691572}",results/minor_revision_experiments/raw_runs/estimator_matrix/Site_xgboost/seed_1/metrics.json
B,Site,XGBoost,xgboost,2,0.3213898370666617,0.9411350769965192,0.6079382686026168,0.6175945397739901,,,completed,,"{""colsample_bytree"": 0.5417728665276265, ""learning_rate"": 0.0147479308792328, ""max_depth"": 8, ""min_child_weight"": 3, ""n_estimators"": 296, ""reg_alpha"": 0.0015048205374803105, ""reg_lambda"": 0.00048117552399330754, ""subsample"": 0.7296995360529953}",results/minor_revision_experiments/raw_runs/estimator_matrix/Site_xgboost/seed_2/metrics.json
B,Site,XGBoost,xgboost,3,0.3165656101076387,0.9444744085275404,0.6149896366462235,0.6066064288177534,,,completed,,"{""colsample_bytree"": 0.9176063505480773, ""learning_rate"": 0.023879411384960695, ""max_depth"": 5, ""min_child_weight"": 6, ""n_estimators"": 623, ""reg_alpha"": 0.004726292545908228, ""reg_lambda"": 1.0127966979787972, ""subsample"": 0.5892719770975411}",results/minor_revision_experiments/raw_runs/estimator_matrix/Site_xgboost/seed_3/metrics.json
B,Site,XGBoost,xgboost,4,0.3336168490071739,0.9326179809872732,0.6039738292316414,0.6182820782194705,,,completed,,"{""colsample_bytree"": 0.5190965958390297, ""learning_rate"": 0.019397257579002975, ""max_depth"": 8, ""min_child_weight"": 9, ""n_estimators"": 412, ""reg_alpha"": 2.7549019708844003e-05, ""reg_lambda"": 1.3246942259375644e-05, ""subsample"": 0.894117070171377}",results/minor_revision_experiments/raw_runs/estimator_matrix/Site_xgboost/seed_4/metrics.json
C,Context,Ridge,ridge,0,0.1439933998940814,1.0570130208554642,0.7019946741548166,0.4520097753921246,,,completed,,"{""alpha"": 0.013031727291467045}",results/minor_revision_experiments/raw_runs/estimator_matrix/Context_ridge/seed_0/metrics.json
C,Context,Ridge,ridge,1,0.1438309603848893,1.0571133077758006,0.7020292694824404,0.4519194409443333,,,completed,,"{""alpha"": 0.11709413370738549}",results/minor_revision_experiments/raw_runs/estimator_matrix/Context_ridge/seed_1/metrics.json
C,Context,Ridge,ridge,2,0.1438292023324744,1.0571143931103335,0.7020296561428296,0.4519194409443333,,,completed,,"{""alpha"": 0.12110387608169534}",results/minor_revision_experiments/raw_runs/estimator_matrix/Context_ridge/seed_2/metrics.json
C,Context,Ridge,ridge,3,0.1438890146326141,1.0570774673311187,0.7020176538348393,0.452013402714027,,,completed,,"{""alpha"": 0.038496108683615554}",results/minor_revision_experiments/raw_runs/estimator_matrix/Context_ridge/seed_3/metrics.json
C,Context,Ridge,ridge,4,0.1436856042551603,1.0572030396924716,0.7020620441191066,0.4518294702929398,,,completed,,"{""alpha"": 0.49541878333927497}",results/minor_revision_experiments/raw_runs/estimator_matrix/Context_ridge/seed_4/metrics.json
C,Context,ElasticNet,elasticnet,0,0.1440000959304501,1.057008886651668,0.7019918500823483,0.4519844312468848,,,completed,See execution log; ElasticNet/SVR emitted convergence warnings in some trials.,"{""alpha"": 1.685579585209923e-05, ""l1_ratio"": 0.29919957428501887}",results/minor_revision_experiments/raw_runs/estimator_matrix/Context_elasticnet/seed_0/metrics.json
C,Context,ElasticNet,elasticnet,1,0.143838280218332,1.057108788861005,0.7019931138767722,0.4518360125405793,,,completed,See execution log; ElasticNet/SVR emitted convergence warnings in some trials.,"{""alpha"": 7.492425350030174e-05, ""l1_ratio"": 0.8189822600068749}",results/minor_revision_experiments/raw_runs/estimator_matrix/Context_elasticnet/seed_1/metrics.json
C,Context,ElasticNet,elasticnet,2,0.1437001364117051,1.0571940689772,0.7019777464357004,0.4516895535302627,,,completed,See execution log; ElasticNet/SVR emitted convergence warnings in some trials.,"{""alpha"": 0.00014804454350266205, ""l1_ratio"": 0.9267599078282783}",results/minor_revision_experiments/raw_runs/estimator_matrix/Context_elasticnet/seed_2/metrics.json
C,Context,ElasticNet,elasticnet,3,0.1437620020640605,1.0571558783941526,0.7020337294934615,0.4517499507953405,,,completed,See execution log; ElasticNet/SVR emitted convergence warnings in some trials.,"{""alpha"": 9.549120963048757e-05, ""l1_ratio"": 0.2784011859747693}",results/minor_revision_experiments/raw_runs/estimator_matrix/Context_elasticnet/seed_3/metrics.json
C,Context,ElasticNet,elasticnet,4,0.1437808124005151,1.0571442662214738,0.7019795235778769,0.4517793745000185,,,completed,See execution log; ElasticNet/SVR emitted convergence warnings in some trials.,"{""alpha"": 0.00010789443380822188, ""l1_ratio"": 0.966697492021691}",results/minor_revision_experiments/raw_runs/estimator_matrix/Context_elasticnet/seed_4/metrics.json
C,Context,Random Forest,random_forest,0,0.2731296376634332,0.974025352646042,0.6274213930444931,0.5533500501564373,,,completed,,"{""max_depth"": 8, ""min_samples_leaf"": 2, ""min_samples_split"": 10, ""n_estimators"": 339}",results/minor_revision_experiments/raw_runs/estimator_matrix/Context_random_forest/seed_0/metrics.json
C,Context,Random Forest,random_forest,1,0.2684129052213428,0.9771805149844812,0.6281563040686771,0.553877584191198,,,completed,,"{""max_depth"": 10, ""min_samples_leaf"": 3, ""min_samples_split"": 11, ""n_estimators"": 69}",results/minor_revision_experiments/raw_runs/estimator_matrix/Context_random_forest/seed_1/metrics.json
C,Context,Random Forest,random_forest,2,0.2699611549494247,0.9761459691530744,0.6300804883838919,0.5521895559083044,,,completed,,"{""max_depth"": 9, ""min_samples_leaf"": 2, ""min_samples_split"": 13, ""n_estimators"": 109}",results/minor_revision_experiments/raw_runs/estimator_matrix/Context_random_forest/seed_2/metrics.json
C,Context,Random Forest,random_forest,3,0.247542230348893,0.9910209741305308,0.6373576200145747,0.5467077207751784,,,completed,,"{""max_depth"": 12, ""min_samples_leaf"": 8, ""min_samples_split"": 12, ""n_estimators"": 210}",results/minor_revision_experiments/raw_runs/estimator_matrix/Context_random_forest/seed_3/metrics.json
C,Context,Random Forest,random_forest,4,0.2718813038523298,0.9748613938702748,0.6282300242744417,0.5542994134645881,,,completed,,"{""max_depth"": 8, ""min_samples_leaf"": 1, ""min_samples_split"": 12, ""n_estimators"": 258}",results/minor_revision_experiments/raw_runs/estimator_matrix/Context_random_forest/seed_4/metrics.json
C,Context,RBF-SVR,svr,0,0.1718026435296759,1.0397015718683456,0.6098556807440462,0.549920629284117,,,completed,See execution log; ElasticNet/SVR emitted convergence warnings in some trials.,"{""C"": 24.04229025049255, ""epsilon"": 0.04226699248008058, ""gamma"": 0.08560539878270346}",results/minor_revision_experiments/raw_runs/estimator_matrix/Context_svr/seed_0/metrics.json
C,Context,RBF-SVR,svr,1,0.2139625266141785,1.0128926182261673,0.6118544912517947,0.5650182213979724,,,completed,See execution log; ElasticNet/SVR emitted convergence warnings in some trials.,"{""C"": 7.949352251897352, ""epsilon"": 0.3272217922482048, ""gamma"": 0.5050437474075343}",results/minor_revision_experiments/raw_runs/estimator_matrix/Context_svr/seed_1/metrics.json
C,Context,RBF-SVR,svr,2,0.1690659568204142,1.0414179446632923,0.6154042408216216,0.5470754145136111,,,completed,See execution log; ElasticNet/SVR emitted convergence warnings in some trials.,"{""C"": 11.871655665653634, ""epsilon"": 0.013072526531456513, ""gamma"": 0.2220325973943392}",results/minor_revision_experiments/raw_runs/estimator_matrix/Context_svr/seed_2/metrics.json
C,Context,RBF-SVR,svr,3,0.1689593023528504,1.0414847780740697,0.6168621829726006,0.551407360183311,,,completed,See execution log; ElasticNet/SVR emitted convergence warnings in some trials.,"{""C"": 21.04468642256504, ""epsilon"": 0.006638082465231001, ""gamma"": 0.2644568362641103}",results/minor_revision_experiments/raw_runs/estimator_matrix/Context_svr/seed_3/metrics.json
C,Context,RBF-SVR,svr,4,0.1520364682018219,1.0520354349916494,0.6211376501775193,0.5482751818530609,,,completed,See execution log; ElasticNet/SVR emitted convergence warnings in some trials.,"{""C"": 44.77955545387804, ""epsilon"": 0.03739646061105908, ""gamma"": 0.19272457133176235}",results/minor_revision_experiments/raw_runs/estimator_matrix/Context_svr/seed_4/metrics.json
C,Context,XGBoost,xgboost,0,0.2767595148902367,0.9715902433509724,0.6229397347633352,0.5696748924616625,,,completed,,"{""colsample_bytree"": 0.6831630830357043, ""learning_rate"": 0.02775703306636928, ""max_depth"": 7, ""min_child_weight"": 1, ""n_estimators"": 264, ""reg_alpha"": 0.025953289930498075, ""reg_lambda"": 7.318054401471941, ""subsample"": 0.9694553101699775}",results/minor_revision_experiments/raw_runs/estimator_matrix/Context_xgboost/seed_0/metrics.json
C,Context,XGBoost,xgboost,1,0.2787374557292779,0.9702607659677814,0.6232468531193431,0.5710199552419356,,,completed,,"{""colsample_bytree"": 0.8698636833316709, ""learning_rate"": 0.030376226444101713, ""max_depth"": 4, ""min_child_weight"": 3, ""n_estimators"": 974, ""reg_alpha"": 6.3421649568583e-05, ""reg_lambda"": 0.009568252071781249, ""subsample"": 0.9828506266568974}",results/minor_revision_experiments/raw_runs/estimator_matrix/Context_xgboost/seed_1/metrics.json
C,Context,XGBoost,xgboost,2,0.2683165981457119,0.977244831524143,0.6281522019287858,0.565689318347175,,,completed,,"{""colsample_bytree"": 0.8540939868796432, ""learning_rate"": 0.02486676277848593, ""max_depth"": 6, ""min_child_weight"": 2, ""n_estimators"": 523, ""reg_alpha"": 0.029596106197115064, ""reg_lambda"": 2.2450122071054404e-06, ""subsample"": 0.6202980149823925}",results/minor_revision_experiments/raw_runs/estimator_matrix/Context_xgboost/seed_2/metrics.json
C,Context,XGBoost,xgboost,3,0.2767740389637926,0.9715804875924812,0.6242871024652704,0.5691618336880182,,,completed,,"{""colsample_bytree"": 0.8772474196665954, ""learning_rate"": 0.022290118614732225, ""max_depth"": 5, ""min_child_weight"": 6, ""n_estimators"": 474, ""reg_alpha"": 0.0015684249136172842, ""reg_lambda"": 0.0003728031849345202, ""subsample"": 0.8797149982928479}",results/minor_revision_experiments/raw_runs/estimator_matrix/Context_xgboost/seed_3/metrics.json
C,Context,XGBoost,xgboost,4,0.276465153420426,0.97178794359264,0.6255220177748794,0.5660852899962961,,,completed,,"{""colsample_bytree"": 0.960255222829228, ""learning_rate"": 0.03272390660384066, ""max_depth"": 5, ""min_child_weight"": 3, ""n_estimators"": 204, ""reg_alpha"": 0.0721350911183717, ""reg_lambda"": 0.0052095756375010295, ""subsample"": 0.8556125698111969}",results/minor_revision_experiments/raw_runs/estimator_matrix/Context_xgboost/seed_4/metrics.json
A+B,Chemistry + Site,Ridge,ridge,0,0.1762823274168998,1.0368859087089208,0.6740872945714322,0.5138630169548449,1.0193609855394572,11.018626079021487,completed,,"{""alpha"": 1.9982467392329455}",results/minor_revision_experiments/raw_runs/estimator_matrix/Chem_Site_ridge/seed_0/metrics.json
A+B,Chemistry + Site,Ridge,ridge,1,0.1716994506385851,1.0397663429451796,0.674525466342937,0.5134323673833403,1.0191601202883185,10.971659303002523,completed,,"{""alpha"": 0.6516215458215692}",results/minor_revision_experiments/raw_runs/estimator_matrix/Chem_Site_ridge/seed_1/metrics.json
A+B,Chemistry + Site,Ridge,ridge,2,0.1715417407244934,1.0398653249245464,0.6745434495701353,0.5134213820068824,1.0191588441785835,11.127339511003813,completed,,"{""alpha"": 0.6279543048780203}",results/minor_revision_experiments/raw_runs/estimator_matrix/Chem_Site_ridge/seed_2/metrics.json
A+B,Chemistry + Site,Ridge,ridge,3,0.1710424455530275,1.0401786307101102,0.6746000735427853,0.5134700306583337,1.0191564339781984,11.07095633202698,completed,,"{""alpha"": 0.5564529299329967}",results/minor_revision_experiments/raw_runs/estimator_matrix/Chem_Site_ridge/seed_3/metrics.json
A+B,Chemistry + Site,Ridge,ridge,4,0.1690467699203025,1.041429968160763,0.6748275423747381,0.5131229172587757,1.019171676293154,11.173467672022523,completed,,"{""alpha"": 0.32952940508100004}",results/minor_revision_experiments/raw_runs/estimator_matrix/Chem_Site_ridge/seed_4/metrics.json
A+B,Chemistry + Site,ElasticNet,elasticnet,0,0.1681880767499983,1.0419679273727471,0.6749000843066364,0.5129923881869255,1.0191762827609052,12.140173472987954,completed,See execution log; ElasticNet/SVR emitted convergence warnings in some trials.,"{""alpha"": 2.66818752423705e-05, ""l1_ratio"": 0.09538671370750988}",results/minor_revision_experiments/raw_runs/estimator_matrix/Chem_Site_elasticnet/seed_0/metrics.json
A+B,Chemistry + Site,ElasticNet,elasticnet,1,0.1700429722575779,1.0408055129772698,0.6746882881091323,0.5133631069558235,1.019147479661931,13.530328280990943,completed,See execution log; ElasticNet/SVR emitted convergence warnings in some trials.,"{""alpha"": 6.955392321661599e-05, ""l1_ratio"": 0.20413945930318123}",results/minor_revision_experiments/raw_runs/estimator_matrix/Chem_Site_elasticnet/seed_1/metrics.json
A+B,Chemistry + Site,ElasticNet,elasticnet,2,0.1722829775736249,1.0394000275032678,0.6743717338671776,0.513607828356185,1.0191332463416518,12.76940392702818,completed,See execution log; ElasticNet/SVR emitted convergence warnings in some trials.,"{""alpha"": 0.00012783188524672593, ""l1_ratio"": 0.77962844486034}",results/minor_revision_experiments/raw_runs/estimator_matrix/Chem_Site_elasticnet/seed_2/metrics.json
A+B,Chemistry + Site,ElasticNet,elasticnet,3,0.1695180425371795,1.0411346043442864,0.674747544143716,0.513138288306502,1.0191524933197236,13.451121079968289,completed,See execution log; ElasticNet/SVR emitted convergence warnings in some trials.,"{""alpha"": 5.669070564161233e-05, ""l1_ratio"": 0.21309802057542304}",results/minor_revision_experiments/raw_runs/estimator_matrix/Chem_Site_elasticnet/seed_3/metrics.json
A+B,Chemistry + Site,ElasticNet,elasticnet,4,0.171037744749434,1.0401815799977343,0.6745447328515392,0.5135331400442941,1.0191351356264966,12.933531182003208,completed,See execution log; ElasticNet/SVR emitted convergence warnings in some trials.,"{""alpha"": 9.6173063086053e-05, ""l1_ratio"": 0.595387265054202}",results/minor_revision_experiments/raw_runs/estimator_matrix/Chem_Site_elasticnet/seed_4/metrics.json
A+B,Chemistry + Site,Random Forest,random_forest,0,0.4387311179507877,0.8559083493527802,0.5167476298036602,0.7273244610608489,0.85651521907811,23.888883116014767,completed,,"{""max_depth"": 15, ""min_samples_leaf"": 6, ""min_samples_split"": 10, ""n_estimators"": 297}",results/minor_revision_experiments/raw_runs/estimator_matrix/Chem_Site_random_forest/seed_0/metrics.json
A+B,Chemistry + Site,Random Forest,random_forest,1,0.4439997961549209,0.8518816354632062,0.5112455868323378,0.7315073457077325,0.8513576914690975,24.411041706975084,completed,,"{""max_depth"": 15, ""min_samples_leaf"": 4, ""min_samples_split"": 2, ""n_estimators"": 238}",results/minor_revision_experiments/raw_runs/estimator_matrix/Chem_Site_random_forest/seed_1/metrics.json
A+B,Chemistry + Site,Random Forest,random_forest,2,0.4365498587262238,0.8575698948869309,0.5141471595750514,0.7250851506007081,0.8572031295737983,19.840958577988204,completed,,"{""max_depth"": 13, ""min_samples_leaf"": 2, ""min_samples_split"": 5, ""n_estimators"": 107}",results/minor_revision_experiments/raw_runs/estimator_matrix/Chem_Site_random_forest/seed_2/metrics.json
A+B,Chemistry + Site,Random Forest,random_forest,3,0.4493277505627773,0.8477901690446671,0.5108953547413336,0.7333538216733,0.8473029717777238,24.471434723003767,completed,,"{""max_depth"": 17, ""min_samples_leaf"": 3, ""min_samples_split"": 6, ""n_estimators"": 295}",results/minor_revision_experiments/raw_runs/estimator_matrix/Chem_Site_random_forest/seed_3/metrics.json
A+B,Chemistry + Site,Random Forest,random_forest,4,0.4458092783998141,0.8504942970337582,0.5139783022385518,0.7335835535940111,0.8539530528770385,22.795546424982604,completed,,"{""max_depth"": 20, ""min_samples_leaf"": 6, ""min_samples_split"": 4, ""n_estimators"": 439}",results/minor_revision_experiments/raw_runs/estimator_matrix/Chem_Site_random_forest/seed_4/metrics.json
A+B,Chemistry + Site,RBF-SVR,svr,0,0.4309394703730418,0.861828818865124,0.4628024683547309,0.7761563936900622,0.8583337555194267,27.48332345398376,completed,See execution log; ElasticNet/SVR emitted convergence warnings in some trials.,"{""C"": 4.430375245218266, ""epsilon"": 0.04234871839273793, ""gamma"": 0.07257005721594278}",results/minor_revision_experiments/raw_runs/estimator_matrix/Chem_Site_svr/seed_0/metrics.json
A+B,Chemistry + Site,RBF-SVR,svr,1,0.4099333783354858,0.8775912912372068,0.4687795973008087,0.7767977663195526,0.8738601623165794,28.590752844000235,completed,See execution log; ElasticNet/SVR emitted convergence warnings in some trials.,"{""C"": 1.7826497151386944, ""epsilon"": 0.0010007110473405194, ""gamma"": 0.07608481233714794}",results/minor_revision_experiments/raw_runs/estimator_matrix/Chem_Site_svr/seed_1/metrics.json
A+B,Chemistry + Site,RBF-SVR,svr,2,0.36829928635548,0.9080242860899906,0.4930515356327842,0.7551836095149298,0.9029720906330914,28.18996490200516,completed,See execution log; ElasticNet/SVR emitted convergence warnings in some trials.,"{""C"": 0.6316577446325138, ""epsilon"": 0.02680023736311305, ""gamma"": 0.03051654279698753}",results/minor_revision_experiments/raw_runs/estimator_matrix/Chem_Site_svr/seed_2/metrics.json
A+B,Chemistry + Site,RBF-SVR,svr,3,0.4284619362519656,0.8637028649542229,0.4637835458248519,0.7754849855716651,0.8601031818633235,28.26000250602374,completed,See execution log; ElasticNet/SVR emitted convergence warnings in some trials.,"{""C"": 4.491523825137997, ""epsilon"": 0.006097378631749905, ""gamma"": 0.06801289958688554}",results/minor_revision_experiments/raw_runs/estimator_matrix/Chem_Site_svr/seed_3/metrics.json
A+B,Chemistry + Site,RBF-SVR,svr,4,0.4417579406834058,0.8535973490871371,0.4661225425338937,0.7686999328262347,0.8521100503801082,28.859855047019664,completed,See execution log; ElasticNet/SVR emitted convergence warnings in some trials.,"{""C"": 13.945946057144928, ""epsilon"": 0.003830178964857715, ""gamma"": 0.061789587850507394}",results/minor_revision_experiments/raw_runs/estimator_matrix/Chem_Site_svr/seed_4/metrics.json
A+B,Chemistry + Site,XGBoost,xgboost,0,0.4651691913805347,0.8355068000329595,0.5021858495044728,0.7429713762299002,0.8321466275975242,18.53207060199929,completed,,"{""colsample_bytree"": 0.8060478613612108, ""learning_rate"": 0.010579035974693701, ""max_depth"": 7, ""min_child_weight"": 7, ""n_estimators"": 510, ""reg_alpha"": 0.45971478464161314, ""reg_lambda"": 0.05925733197263172, ""subsample"": 0.8088177485379385}",results/minor_revision_experiments/raw_runs/estimator_matrix/Chem_Site_xgboost/seed_0/metrics.json
A+B,Chemistry + Site,XGBoost,xgboost,1,0.4554630716778841,0.8430541084827216,0.512621935261767,0.7338629912015627,0.8307850936602675,19.74826010299148,completed,,"{""colsample_bytree"": 0.5511672144139129, ""learning_rate"": 0.05843918897511942, ""max_depth"": 4, ""min_child_weight"": 5, ""n_estimators"": 617, ""reg_alpha"": 0.014669014787121605, ""reg_lambda"": 0.0007929665846703914, ""subsample"": 0.8498791800104656}",results/minor_revision_experiments/raw_runs/estimator_matrix/Chem_Site_xgboost/seed_1/metrics.json
A+B,Chemistry + Site,XGBoost,xgboost,2,0.4360969666805501,0.8579144760150614,0.5288329204346922,0.7187378668421333,0.83630835552258,17.74065111303935,completed,,"{""colsample_bytree"": 0.7101839010437445, ""learning_rate"": 0.051895221650230125, ""max_depth"": 3, ""min_child_weight"": 4, ""n_estimators"": 492, ""reg_alpha"": 1.6900198445929524e-05, ""reg_lambda"": 0.02162204487972218, ""subsample"": 0.7176611963091384}",results/minor_revision_experiments/raw_runs/estimator_matrix/Chem_Site_xgboost/seed_2/metrics.json
A+B,Chemistry + Site,XGBoost,xgboost,3,0.4543056827066883,0.8439495698858331,0.5120682373026835,0.7373176835805766,0.8321155469676814,18.82385448901914,completed,,"{""colsample_bytree"": 0.757017529908721, ""learning_rate"": 0.018503122315401223, ""max_depth"": 6, ""min_child_weight"": 1, ""n_estimators"": 350, ""reg_alpha"": 0.0007971007065882054, ""reg_lambda"": 0.00034295211594751894, ""subsample"": 0.6006893555215366}",results/minor_revision_experiments/raw_runs/estimator_matrix/Chem_Site_xgboost/seed_3/metrics.json
A+B,Chemistry + Site,XGBoost,xgboost,4,0.4677828391733152,0.8334627938762383,0.5044856545614775,0.7423444790742768,0.8280073572711031,18.999581130978186,completed,,"{""colsample_bytree"": 0.5645933918352188, ""learning_rate"": 0.012152207475605059, ""max_depth"": 7, ""min_child_weight"": 7, ""n_estimators"": 563, ""reg_alpha"": 0.00015202047397894664, ""reg_lambda"": 0.2367588600814848, ""subsample"": 0.7700373648214032}",results/minor_revision_experiments/raw_runs/estimator_matrix/Chem_Site_xgboost/seed_4/metrics.json
A+C,Chemistry + Context,Ridge,ridge,0,0.1817865411259901,1.0334157829680006,0.6693974854809761,0.5422346315217235,1.0193869418109278,11.902442488004452,completed,,"{""alpha"": 4.222048983149829}",results/minor_revision_experiments/raw_runs/estimator_matrix/Chem_Context_ridge/seed_0/metrics.json
A+C,Chemistry + Context,Ridge,ridge,1,0.181165578752244,1.0338078509571376,0.6694634017605613,0.5425191874450784,1.019451379543245,11.221814923046622,completed,,"{""alpha"": 3.1778400068840686}",results/minor_revision_experiments/raw_runs/estimator_matrix/Chem_Context_ridge/seed_1/metrics.json
A+C,Chemistry + Context,Ridge,ridge,2,0.1817390938583903,1.033445745836398,0.6694019265768703,0.5422667151767381,1.019390722432003,11.1876316400012,completed,,"{""alpha"": 4.1301841228098795}",results/minor_revision_experiments/raw_runs/estimator_matrix/Chem_Context_ridge/seed_2/metrics.json
A+C,Chemistry + Context,Ridge,ridge,3,0.1818827645773472,1.0333550153553648,0.6693883459554817,0.5423222310454373,1.0193798883421208,11.49248781305505,completed,,"{""alpha"": 4.414271712959386}",results/minor_revision_experiments/raw_runs/estimator_matrix/Chem_Context_ridge/seed_3/metrics.json
A+C,Chemistry + Context,Ridge,ridge,4,0.1817031850723907,1.0334684215958814,0.6694053273407725,0.5422915182106358,1.0193937302123075,11.054117425985169,completed,,"{""alpha"": 4.062086754282275}",results/minor_revision_experiments/raw_runs/estimator_matrix/Chem_Context_ridge/seed_4/metrics.json
A+C,Chemistry + Context,ElasticNet,elasticnet,0,0.1777627966969807,1.0359536911810252,0.6698776504258818,0.543003614627448,1.0200925422426894,12.65369989204919,completed,See execution log; ElasticNet/SVR emitted convergence warnings in some trials.,"{""alpha"": 2.66818752423705e-05, ""l1_ratio"": 0.09538671370750988}",results/minor_revision_experiments/raw_runs/estimator_matrix/Chem_Context_elasticnet/seed_0/metrics.json
A+C,Chemistry + Context,ElasticNet,elasticnet,1,0.1804832415219242,1.03423849888451,0.669380281433847,0.5430760796767637,1.0195530806504496,12.49161340604769,completed,See execution log; ElasticNet/SVR emitted convergence warnings in some trials.,"{""alpha"": 0.00016854407828169375, ""l1_ratio"": 0.8705550876631265}",results/minor_revision_experiments/raw_runs/estimator_matrix/Chem_Context_elasticnet/seed_1/metrics.json
A+C,Chemistry + Context,ElasticNet,elasticnet,2,0.1816508783535034,1.0335014514680456,0.6692762032870427,0.5425223766044354,1.0193946446820263,12.739078686980063,completed,See execution log; ElasticNet/SVR emitted convergence warnings in some trials.,"{""alpha"": 0.0006279543048780199, ""l1_ratio"": 0.27149072960080933}",results/minor_revision_experiments/raw_runs/estimator_matrix/Chem_Context_elasticnet/seed_2/metrics.json
A+C,Chemistry + Context,ElasticNet,elasticnet,3,0.1817489707126961,1.0334395086913812,0.669138572009726,0.5428049728670925,1.0193929942853308,12.88391077896813,completed,See execution log; ElasticNet/SVR emitted convergence warnings in some trials.,"{""alpha"": 0.0005564529299329963, ""l1_ratio"": 0.5106110530937098}",results/minor_revision_experiments/raw_runs/estimator_matrix/Chem_Context_elasticnet/seed_3/metrics.json
A+C,Chemistry + Context,ElasticNet,elasticnet,4,0.1804037685191781,1.034288645538381,0.6693914948666657,0.5428829117763384,1.019577347591031,12.574403114966117,completed,See execution log; ElasticNet/SVR emitted convergence warnings in some trials.,"{""alpha"": 0.00032952940508099984, ""l1_ratio"": 0.43609570175635687}",results/minor_revision_experiments/raw_runs/estimator_matrix/Chem_Context_elasticnet/seed_4/metrics.json
A+C,Chemistry + Context,Random Forest,random_forest,0,0.4021534771180152,0.8833577720331024,0.5298550193359265,0.7055996917246907,0.8791489408804847,18.88034105196129,completed,,"{""max_depth"": 13, ""min_samples_leaf"": 7, ""min_samples_split"": 2, ""n_estimators"": 255}",results/minor_revision_experiments/raw_runs/estimator_matrix/Chem_Context_random_forest/seed_0/metrics.json
A+C,Chemistry + Context,Random Forest,random_forest,1,0.4087978668914953,0.8784352942366623,0.5245071488176213,0.7097180647136773,0.8742608196971728,19.519028198963497,completed,,"{""max_depth"": 12, ""min_samples_leaf"": 4, ""min_samples_split"": 11, ""n_estimators"": 482}",results/minor_revision_experiments/raw_runs/estimator_matrix/Chem_Context_random_forest/seed_1/metrics.json
A+C,Chemistry + Context,Random Forest,random_forest,2,0.4198362353274852,0.8701959964146876,0.5267241263132718,0.7066382600766119,0.8727822818786483,17.862287210999057,completed,,"{""max_depth"": 11, ""min_samples_leaf"": 1, ""min_samples_split"": 13, ""n_estimators"": 435}",results/minor_revision_experiments/raw_runs/estimator_matrix/Chem_Context_random_forest/seed_2/metrics.json
A+C,Chemistry + Context,Random Forest,random_forest,3,0.4089939810144695,0.8782895844643801,0.5231276224893473,0.7109618604164721,0.8738001420730742,19.494757303968072,completed,,"{""max_depth"": 13, ""min_samples_leaf"": 3, ""min_samples_split"": 7, ""n_estimators"": 344}",results/minor_revision_experiments/raw_runs/estimator_matrix/Chem_Context_random_forest/seed_3/metrics.json
A+C,Chemistry + Context,Random Forest,random_forest,4,0.4111035491473708,0.8767206765364293,0.5271531728492781,0.7045025054365761,0.8737765359817472,17.663782081974205,completed,,"{""max_depth"": 10, ""min_samples_leaf"": 2, ""min_samples_split"": 12, ""n_estimators"": 164}",results/minor_revision_experiments/raw_runs/estimator_matrix/Chem_Context_random_forest/seed_4/metrics.json
A+C,Chemistry + Context,RBF-SVR,svr,0,0.3811841343753005,0.8987160557946748,0.4842767383434138,0.739419026133396,0.8858822997407281,24.964480662019923,completed,See execution log; ElasticNet/SVR emitted convergence warnings in some trials.,"{""C"": 4.430375245218266, ""epsilon"": 0.04234871839273793, ""gamma"": 0.07257005721594278}",results/minor_revision_experiments/raw_runs/estimator_matrix/Chem_Context_svr/seed_0/metrics.json
A+C,Chemistry + Context,RBF-SVR,svr,1,0.3722176894608233,0.9052036941469238,0.4876436494774601,0.7351780424505533,0.8939038171147494,26.14169767894782,completed,See execution log; ElasticNet/SVR emitted convergence warnings in some trials.,"{""C"": 1.7826497151386944, ""epsilon"": 0.0010007110473405194, ""gamma"": 0.07608481233714794}",results/minor_revision_experiments/raw_runs/estimator_matrix/Chem_Context_svr/seed_1/metrics.json
A+C,Chemistry + Context,RBF-SVR,svr,2,0.3406148112937848,0.9277081553286116,0.5087751758648987,0.7149610238534865,0.916428202792926,26.065373143006585,completed,See execution log; ElasticNet/SVR emitted convergence warnings in some trials.,"{""C"": 0.6316577446325138, ""epsilon"": 0.02680023736311305, ""gamma"": 0.03051654279698753}",results/minor_revision_experiments/raw_runs/estimator_matrix/Chem_Context_svr/seed_2/metrics.json
A+C,Chemistry + Context,RBF-SVR,svr,3,0.3821583617032491,0.89800833426805,0.4854176480241666,0.7379275312026792,0.8865538138847657,25.55102378601441,completed,See execution log; ElasticNet/SVR emitted convergence warnings in some trials.,"{""C"": 4.491523825137997, ""epsilon"": 0.006097378631749905, ""gamma"": 0.06801289958688554}",results/minor_revision_experiments/raw_runs/estimator_matrix/Chem_Context_svr/seed_3/metrics.json
A+C,Chemistry + Context,RBF-SVR,svr,4,0.3958746753088501,0.8879843287544725,0.5058287801419292,0.7392932780981339,0.884545006866563,24.918313700007275,completed,See execution log; ElasticNet/SVR emitted convergence warnings in some trials.,"{""C"": 79.63234721775596, ""epsilon"": 0.42193534890240725, ""gamma"": 0.015450018247892779}",results/minor_revision_experiments/raw_runs/estimator_matrix/Chem_Context_svr/seed_4/metrics.json
A+C,Chemistry + Context,XGBoost,xgboost,0,0.4248447355796158,0.8664316937106006,0.5143352798131585,0.7178955081091363,0.8601739943109294,17.02158367098309,completed,,"{""colsample_bytree"": 0.7609241608750359, ""learning_rate"": 0.015364092985079625, ""max_depth"": 8, ""min_child_weight"": 5, ""n_estimators"": 206, ""reg_alpha"": 3.866639405842193e-05, ""reg_lambda"": 0.2628063327422689, ""subsample"": 0.972334458524792}",results/minor_revision_experiments/raw_runs/estimator_matrix/Chem_Context_xgboost/seed_0/metrics.json
A+C,Chemistry + Context,XGBoost,xgboost,1,0.4294841829224389,0.8629301145623146,0.5163585130486038,0.7118514568695724,0.8725881689568324,18.105374219012447,completed,,"{""colsample_bytree"": 0.5733779454085566, ""learning_rate"": 0.010003426950381346, ""max_depth"": 8, ""min_child_weight"": 1, ""n_estimators"": 475, ""reg_alpha"": 1.3108749615263326e-05, ""reg_lambda"": 0.00026237659355350326, ""subsample"": 0.6511662863159199}",results/minor_revision_experiments/raw_runs/estimator_matrix/Chem_Context_xgboost/seed_1/metrics.json
A+C,Chemistry + Context,XGBoost,xgboost,2,0.4273913914091192,0.8645113850952116,0.5207212346904015,0.7162647399506972,0.8673869112140068,17.188849841011688,completed,,"{""colsample_bytree"": 0.6101531035352799, ""learning_rate"": 0.019681055777476822, ""max_depth"": 7, ""min_child_weight"": 4, ""n_estimators"": 214, ""reg_alpha"": 0.0006408035477196705, ""reg_lambda"": 2.583465009655243e-05, ""subsample"": 0.5534728421549915}",results/minor_revision_experiments/raw_runs/estimator_matrix/Chem_Context_xgboost/seed_2/metrics.json
A+C,Chemistry + Context,XGBoost,xgboost,3,0.4282374061670603,0.8638725021555248,0.521906616519714,0.7141976175683108,0.8633189728626156,17.28390327503439,completed,,"{""colsample_bytree"": 0.9858013030867838, ""learning_rate"": 0.012024055844249705, ""max_depth"": 6, ""min_child_weight"": 3, ""n_estimators"": 393, ""reg_alpha"": 0.01408851003585174, ""reg_lambda"": 0.03575510086290242, ""subsample"": 0.6213377110921691}",results/minor_revision_experiments/raw_runs/estimator_matrix/Chem_Context_xgboost/seed_3/metrics.json
A+C,Chemistry + Context,XGBoost,xgboost,4,0.4342985718071668,0.8592814138889335,0.5142573040605494,0.7203780018054116,0.8688698403717804,17.016674602986313,completed,,"{""colsample_bytree"": 0.5645933918352188, ""learning_rate"": 0.012152207475605059, ""max_depth"": 7, ""min_child_weight"": 7, ""n_estimators"": 563, ""reg_alpha"": 0.00015202047397894664, ""reg_lambda"": 0.2367588600814848, ""subsample"": 0.7700373648214032}",results/minor_revision_experiments/raw_runs/estimator_matrix/Chem_Context_xgboost/seed_4/metrics.json
B+C,Site + Context,Ridge,ridge,0,0.1795436999016115,1.0348311846095328,0.6790977144595082,0.5150624895431626,,,completed,,"{""alpha"": 0.013602826628709637}",results/minor_revision_experiments/raw_runs/estimator_matrix/Site_Context_ridge/seed_0/metrics.json
B+C,Site + Context,Ridge,ridge,1,0.1795441350990227,1.034830910154993,0.6790976075670456,0.5150624895431626,,,completed,,"{""alpha"": 0.011813785656338517}",results/minor_revision_experiments/raw_runs/estimator_matrix/Site_Context_ridge/seed_1/metrics.json
B+C,Site + Context,Ridge,ridge,2,0.1795237089469138,1.034843791702266,0.6791035284417222,0.514997792598307,,,completed,,"{""alpha"": 0.09389316650469001}",results/minor_revision_experiments/raw_runs/estimator_matrix/Site_Context_ridge/seed_2/metrics.json
B+C,Site + Context,Ridge,ridge,3,0.1795364371737229,1.034835764792945,0.6790998496694398,0.5150736445137042,,,completed,,"{""alpha"": 0.04268220646070234}",results/minor_revision_experiments/raw_runs/estimator_matrix/Site_Context_ridge/seed_3/metrics.json
B+C,Site + Context,Ridge,ridge,4,0.1795343080090407,1.0348371075304124,0.6791004549535078,0.5150686087605332,,,completed,,"{""alpha"": 0.0512996847558035}",results/minor_revision_experiments/raw_runs/estimator_matrix/Site_Context_ridge/seed_4/metrics.json
B+C,Site + Context,ElasticNet,elasticnet,0,0.1787994970115172,1.035300405090995,0.6792824178254112,0.5135808758038298,,,completed,See execution log; ElasticNet/SVR emitted convergence warnings in some trials.,"{""alpha"": 0.0003562137760674771, ""l1_ratio"": 0.25137720333259544}",results/minor_revision_experiments/raw_runs/estimator_matrix/Site_Context_elasticnet/seed_0/metrics.json
B+C,Site + Context,ElasticNet,elasticnet,1,0.1795567378764465,1.0348229622602478,0.6790954890728077,0.5150948238834487,,,completed,See execution log; ElasticNet/SVR emitted convergence warnings in some trials.,"{""alpha"": 1.8486238966044668e-05, ""l1_ratio"": 0.06871996656546067}",results/minor_revision_experiments/raw_runs/estimator_matrix/Site_Context_elasticnet/seed_1/metrics.json
B+C,Site + Context,ElasticNet,elasticnet,2,0.1774606494507629,1.0361440144864849,0.6797641504296598,0.5105050528412602,,,completed,See execution log; ElasticNet/SVR emitted convergence warnings in some trials.,"{""alpha"": 0.001835061302040937, ""l1_ratio"": 0.09344193683486912}",results/minor_revision_experiments/raw_runs/estimator_matrix/Site_Context_elasticnet/seed_2/metrics.json
B+C,Site + Context,ElasticNet,elasticnet,3,0.1791409534324336,1.0350851429688048,0.6791763487427078,0.5144770373075719,,,completed,See execution log; ElasticNet/SVR emitted convergence warnings in some trials.,"{""alpha"": 0.00010179472986704818, ""l1_ratio"": 0.6242995788516364}",results/minor_revision_experiments/raw_runs/estimator_matrix/Site_Context_elasticnet/seed_3/metrics.json
B+C,Site + Context,ElasticNet,elasticnet,4,0.178832761006623,1.0352794366574436,0.6792592516334375,0.5137376719163622,,,completed,See execution log; ElasticNet/SVR emitted convergence warnings in some trials.,"{""alpha"": 0.0002654474235530655, ""l1_ratio"": 0.3962986044540828}",results/minor_revision_experiments/raw_runs/estimator_matrix/Site_Context_elasticnet/seed_4/metrics.json
B+C,Site + Context,Random Forest,random_forest,0,0.3890826481373499,0.8929620678272868,0.5672656285109983,0.681573596878078,,,completed,,"{""max_depth"": 18, ""min_samples_leaf"": 4, ""min_samples_split"": 13, ""n_estimators"": 224}",results/minor_revision_experiments/raw_runs/estimator_matrix/Site_Context_random_forest/seed_0/metrics.json
B+C,Site + Context,Random Forest,random_forest,1,0.3984168108447172,0.8861140576596537,0.5616030295679255,0.6903081555049805,,,completed,,"{""max_depth"": 17, ""min_samples_leaf"": 2, ""min_samples_split"": 6, ""n_estimators"": 115}",results/minor_revision_experiments/raw_runs/estimator_matrix/Site_Context_random_forest/seed_1/metrics.json
B+C,Site + Context,Random Forest,random_forest,2,0.4047563840331351,0.8814326908443846,0.5667101090994483,0.6832785502746518,,,completed,,"{""max_depth"": 20, ""min_samples_leaf"": 1, ""min_samples_split"": 14, ""n_estimators"": 216}",results/minor_revision_experiments/raw_runs/estimator_matrix/Site_Context_random_forest/seed_2/metrics.json
B+C,Site + Context,Random Forest,random_forest,3,0.4026955088747382,0.8829572373452389,0.5640808179595826,0.6840367161250808,,,completed,,"{""max_depth"": 17, ""min_samples_leaf"": 2, ""min_samples_split"": 14, ""n_estimators"": 277}",results/minor_revision_experiments/raw_runs/estimator_matrix/Site_Context_random_forest/seed_3/metrics.json
B+C,Site + Context,Random Forest,random_forest,4,0.3947226779662502,0.8888305673948851,0.561528757681835,0.6821900503219179,,,completed,,"{""max_depth"": 16, ""min_samples_leaf"": 4, ""min_samples_split"": 3, ""n_estimators"": 93}",results/minor_revision_experiments/raw_runs/estimator_matrix/Site_Context_random_forest/seed_4/metrics.json
B+C,Site + Context,RBF-SVR,svr,0,0.3437125975560346,0.9255264071628144,0.5282788849938564,0.7078706673727878,,,completed,See execution log; ElasticNet/SVR emitted convergence warnings in some trials.,"{""C"": 13.48534177645495, ""epsilon"": 0.02537387221090326, ""gamma"": 0.029344926234277532}",results/minor_revision_experiments/raw_runs/estimator_matrix/Site_Context_svr/seed_0/metrics.json
B+C,Site + Context,RBF-SVR,svr,1,0.3181090493901908,0.9434073252203028,0.5368519308412726,0.6935949148150632,,,completed,See execution log; ElasticNet/SVR emitted convergence warnings in some trials.,"{""C"": 2.0590626199799527, ""epsilon"": 0.03126805498587429, ""gamma"": 0.03739795034957751}",results/minor_revision_experiments/raw_runs/estimator_matrix/Site_Context_svr/seed_1/metrics.json
B+C,Site + Context,RBF-SVR,svr,2,0.3636213206319885,0.911380204041853,0.552900296966391,0.6853046801456876,,,completed,See execution log; ElasticNet/SVR emitted convergence warnings in some trials.,"{""C"": 37.14497841991642, ""epsilon"": 0.03914563264533905, ""gamma"": 0.03232249296465874}",results/minor_revision_experiments/raw_runs/estimator_matrix/Site_Context_svr/seed_2/metrics.json
B+C,Site + Context,RBF-SVR,svr,3,0.298260086129082,0.9570395162367322,0.5444960075415599,0.6944141833356337,,,completed,See execution log; ElasticNet/SVR emitted convergence warnings in some trials.,"{""C"": 0.7046676192168849, ""epsilon"": 0.00156422495537211, ""gamma"": 0.10556140737709224}",results/minor_revision_experiments/raw_runs/estimator_matrix/Site_Context_svr/seed_3/metrics.json
B+C,Site + Context,RBF-SVR,svr,4,0.357550505412884,0.9157169993309884,0.5319150654774613,0.7008755822540002,,,completed,See execution log; ElasticNet/SVR emitted convergence warnings in some trials.,"{""C"": 14.842424488695768, ""epsilon"": 0.15091559102434382, ""gamma"": 0.04986672961143791}",results/minor_revision_experiments/raw_runs/estimator_matrix/Site_Context_svr/seed_4/metrics.json
B+C,Site + Context,XGBoost,xgboost,0,0.3958080705161076,0.88803327752362,0.5619464186186627,0.6814984468590534,,,completed,,"{""colsample_bytree"": 0.683311616998781, ""learning_rate"": 0.010160746899583066, ""max_depth"": 8, ""min_child_weight"": 6, ""n_estimators"": 488, ""reg_alpha"": 2.049210514753594e-06, ""reg_lambda"": 0.00298154973585585, ""subsample"": 0.7583574918644345}",results/minor_revision_experiments/raw_runs/estimator_matrix/Site_Context_xgboost/seed_0/metrics.json
B+C,Site + Context,XGBoost,xgboost,1,0.3873723166842108,0.8942111677796178,0.5620604814279033,0.6786869656076076,,,completed,,"{""colsample_bytree"": 0.5692705286685923, ""learning_rate"": 0.031885271321544575, ""max_depth"": 7, ""min_child_weight"": 3, ""n_estimators"": 274, ""reg_alpha"": 0.9228361054935057, ""reg_lambda"": 3.724448774495503, ""subsample"": 0.9285925084266666}",results/minor_revision_experiments/raw_runs/estimator_matrix/Site_Context_xgboost/seed_1/metrics.json
B+C,Site + Context,XGBoost,xgboost,2,0.3815203114119855,0.8984719050207849,0.571449667823394,0.6773584689132426,,,completed,,"{""colsample_bytree"": 0.808247243202469, ""learning_rate"": 0.01801587721520686, ""max_depth"": 10, ""min_child_weight"": 9, ""n_estimators"": 556, ""reg_alpha"": 0.00030006074878454397, ""reg_lambda"": 0.4379851775777677, ""subsample"": 0.5985537656537288}",results/minor_revision_experiments/raw_runs/estimator_matrix/Site_Context_xgboost/seed_2/metrics.json
B+C,Site + Context,XGBoost,xgboost,3,0.3744323831164382,0.9036055923357872,0.5728114865595479,0.665959874380313,,,completed,,"{""colsample_bytree"": 0.6805061541474773, ""learning_rate"": 0.03576154878138061, ""max_depth"": 5, ""min_child_weight"": 2, ""n_estimators"": 394, ""reg_alpha"": 0.0032639085518648674, ""reg_lambda"": 7.0223407928198545e-06, ""subsample"": 0.8960749547573664}",results/minor_revision_experiments/raw_runs/estimator_matrix/Site_Context_xgboost/seed_3/metrics.json
B+C,Site + Context,XGBoost,xgboost,4,0.3915379637809041,0.8911658255708299,0.5625249276631611,0.6843774985908407,,,completed,,"{""colsample_bytree"": 0.991126885106318, ""learning_rate"": 0.024877149615152937, ""max_depth"": 9, ""min_child_weight"": 7, ""n_estimators"": 172, ""reg_alpha"": 6.703636974307736e-06, ""reg_lambda"": 1.7007382198471512e-06, ""subsample"": 0.605555960664129}",results/minor_revision_experiments/raw_runs/estimator_matrix/Site_Context_xgboost/seed_4/metrics.json
A+B+C,Chemistry + Site + Context,Ridge,ridge,0,0.1771506279402979,1.036339261479643,0.6678606449154461,0.5462495695571561,,,completed,,"{""alpha"": 0.05330265674329515}",results/minor_revision_experiments/raw_runs/estimator_matrix/Chem_Site_Context_ridge/seed_0/metrics.json
A+B+C,Chemistry + Site + Context,Ridge,ridge,1,0.1777609226608456,1.0359548717488332,0.6677262343212238,0.5463502091721189,,,completed,,"{""alpha"": 0.22016990119179042}",results/minor_revision_experiments/raw_runs/estimator_matrix/Chem_Site_Context_ridge/seed_1/metrics.json
A+B+C,Chemistry + Site + Context,Ridge,ridge,2,0.176977579416262,1.0364482289030004,0.6678950387749715,0.5461814008683277,,,completed,,"{""alpha"": 0.016780811517588694}",results/minor_revision_experiments/raw_runs/estimator_matrix/Chem_Site_Context_ridge/seed_2/metrics.json
A+B+C,Chemistry + Site + Context,Ridge,ridge,3,0.1771342494662331,1.0363495753790213,0.6678638864403711,0.5462412834177289,,,completed,,"{""alpha"": 0.04982026839977525}",results/minor_revision_experiments/raw_runs/estimator_matrix/Chem_Site_Context_ridge/seed_3/metrics.json
A+B+C,Chemistry + Site + Context,Ridge,ridge,4,0.1769509714136293,1.0364649827566148,0.6679003356703963,0.5461581205379988,,,completed,,"{""alpha"": 0.011218864470438562}",results/minor_revision_experiments/raw_runs/estimator_matrix/Chem_Site_Context_ridge/seed_4/metrics.json
A+B+C,Chemistry + Site + Context,ElasticNet,elasticnet,0,0.1775924578880663,1.0360609923216428,0.6677990845345033,0.54637625126553,,,completed,See execution log; ElasticNet/SVR emitted convergence warnings in some trials.,"{""alpha"": 1.8159689125085955e-05, ""l1_ratio"": 0.4971570325722281}",results/minor_revision_experiments/raw_runs/estimator_matrix/Chem_Site_Context_elasticnet/seed_0/metrics.json
A+B+C,Chemistry + Site + Context,ElasticNet,elasticnet,1,0.1780768160276445,1.0357558525591903,0.6676999849635287,0.546668949963508,,,completed,See execution log; ElasticNet/SVR emitted convergence warnings in some trials.,"{""alpha"": 4.073552545020919e-05, ""l1_ratio"": 0.193853673662228}",results/minor_revision_experiments/raw_runs/estimator_matrix/Chem_Site_Context_elasticnet/seed_1/metrics.json
A+B+C,Chemistry + Site + Context,ElasticNet,elasticnet,2,0.1785471319066726,1.0354594732017957,0.6676617433976414,0.5466474926780672,,,completed,See execution log; ElasticNet/SVR emitted convergence warnings in some trials.,"{""alpha"": 3.800052684420755e-05, ""l1_ratio"": 0.7094293448719378}",results/minor_revision_experiments/raw_runs/estimator_matrix/Chem_Site_Context_elasticnet/seed_2/metrics.json
A+B+C,Chemistry + Site + Context,ElasticNet,elasticnet,3,0.1790782258018391,1.0351246912922296,0.6675836769289627,0.5466490461445986,,,completed,See execution log; ElasticNet/SVR emitted convergence warnings in some trials.,"{""alpha"": 5.02190118161959e-05, ""l1_ratio"": 0.7233113128582305}",results/minor_revision_experiments/raw_runs/estimator_matrix/Chem_Site_Context_elasticnet/seed_3/metrics.json
A+B+C,Chemistry + Site + Context,ElasticNet,elasticnet,4,0.1792347620258019,1.03502599599588,0.6675524223207098,0.5466495606798912,,,completed,See execution log; ElasticNet/SVR emitted convergence warnings in some trials.,"{""alpha"": 5.7362255734085266e-05, ""l1_ratio"": 0.6384013347934315}",results/minor_revision_experiments/raw_runs/estimator_matrix/Chem_Site_Context_elasticnet/seed_4/metrics.json
A+B+C,Chemistry + Site + Context,Random Forest,random_forest,0,0.4710899332320062,0.8308692707317139,0.5058468800535263,0.7413939142631865,,,completed,,"{""max_depth"": 20, ""min_samples_leaf"": 1, ""min_samples_split"": 12, ""n_estimators"": 463}",results/minor_revision_experiments/raw_runs/estimator_matrix/Chem_Site_Context_random_forest/seed_0/metrics.json
A+B+C,Chemistry + Site + Context,Random Forest,random_forest,1,0.4602002773554746,0.8393790183789641,0.5042536941937711,0.7437850472606167,,,completed,,"{""max_depth"": 20, ""min_samples_leaf"": 4, ""min_samples_split"": 8, ""n_estimators"": 231}",results/minor_revision_experiments/raw_runs/estimator_matrix/Chem_Site_Context_random_forest/seed_1/metrics.json
A+B+C,Chemistry + Site + Context,Random Forest,random_forest,2,0.4580966634194653,0.8410129692655908,0.5084741402218207,0.734161570152845,,,completed,,"{""max_depth"": 13, ""min_samples_leaf"": 1, ""min_samples_split"": 5, ""n_estimators"": 231}",results/minor_revision_experiments/raw_runs/estimator_matrix/Chem_Site_Context_random_forest/seed_2/metrics.json
A+B+C,Chemistry + Site + Context,Random Forest,random_forest,3,0.4592890443204178,0.8400871952614049,0.5046789818220803,0.7421748369747615,,,completed,,"{""max_depth"": 16, ""min_samples_leaf"": 3, ""min_samples_split"": 10, ""n_estimators"": 307}",results/minor_revision_experiments/raw_runs/estimator_matrix/Chem_Site_Context_random_forest/seed_3/metrics.json
A+B+C,Chemistry + Site + Context,Random Forest,random_forest,4,0.4619188178504249,0.8380418031875215,0.5040053355327327,0.7411501632691478,,,completed,,"{""max_depth"": 15, ""min_samples_leaf"": 5, ""min_samples_split"": 10, ""n_estimators"": 150}",results/minor_revision_experiments/raw_runs/estimator_matrix/Chem_Site_Context_random_forest/seed_4/metrics.json
A+B+C,Chemistry + Site + Context,RBF-SVR,svr,0,0.3329862232527366,0.9330591639907746,0.512430768534158,0.7191898116534767,,,completed,See execution log; ElasticNet/SVR emitted convergence warnings in some trials.,"{""C"": 9.575084549830287, ""epsilon"": 0.0017628522503283068, ""gamma"": 0.002894503067722193}",results/minor_revision_experiments/raw_runs/estimator_matrix/Chem_Site_Context_svr/seed_0/metrics.json
A+B+C,Chemistry + Site + Context,RBF-SVR,svr,1,0.3964613964629763,0.88755302275899,0.4786685040197379,0.7602419561086545,,,completed,See execution log; ElasticNet/SVR emitted convergence warnings in some trials.,"{""C"": 3.371962906703153, ""epsilon"": 0.0012971443227692094, ""gamma"": 0.01508029863308994}",results/minor_revision_experiments/raw_runs/estimator_matrix/Chem_Site_Context_svr/seed_1/metrics.json
A+B+C,Chemistry + Site + Context,RBF-SVR,svr,2,0.3896995178587995,0.8925111227177018,0.5135679260957351,0.7384605879310342,,,completed,See execution log; ElasticNet/SVR emitted convergence warnings in some trials.,"{""C"": 6.912057904735645, ""epsilon"": 0.4962890614641808, ""gamma"": 0.007887224722297243}",results/minor_revision_experiments/raw_runs/estimator_matrix/Chem_Site_Context_svr/seed_2/metrics.json
A+B+C,Chemistry + Site + Context,RBF-SVR,svr,3,0.4149352902629581,0.8738637659014272,0.5025435629067672,0.7359348416759188,,,completed,See execution log; ElasticNet/SVR emitted convergence warnings in some trials.,"{""C"": 35.5829887868298, ""epsilon"": 0.0013439830516812196, ""gamma"": 0.01865244900360232}",results/minor_revision_experiments/raw_runs/estimator_matrix/Chem_Site_Context_svr/seed_3/metrics.json
A+B+C,Chemistry + Site + Context,RBF-SVR,svr,4,0.3983392045634932,0.8861712116828303,0.4853802916555365,0.7550879962278627,,,completed,See execution log; ElasticNet/SVR emitted convergence warnings in some trials.,"{""C"": 25.26493185409725, ""epsilon"": 0.030051579215430373, ""gamma"": 0.006400694997102941}",results/minor_revision_experiments/raw_runs/estimator_matrix/Chem_Site_Context_svr/seed_4/metrics.json
A+B+C,Chemistry + Site + Context,XGBoost,xgboost,0,0.4675730739840568,0.8336270259512024,0.4988235016459394,0.7439220929969289,,,completed,,"{""colsample_bytree"": 0.796425168662833, ""learning_rate"": 0.019519457366955775, ""max_depth"": 7, ""min_child_weight"": 7, ""n_estimators"": 530, ""reg_alpha"": 8.941605690050117e-05, ""reg_lambda"": 6.937994710397839, ""subsample"": 0.7072173844707901}",results/minor_revision_experiments/raw_runs/estimator_matrix/Chem_Site_Context_xgboost/seed_0/metrics.json
A+B+C,Chemistry + Site + Context,XGBoost,xgboost,1,0.4567862924349963,0.8420291777986088,0.5134767684492229,0.7286154100248667,,,completed,,"{""colsample_bytree"": 0.9795092326404662, ""learning_rate"": 0.021204420257220018, ""max_depth"": 4, ""min_child_weight"": 7, ""n_estimators"": 872, ""reg_alpha"": 0.0006104062823831231, ""reg_lambda"": 0.00014415121259708595, ""subsample"": 0.5413925268430815}",results/minor_revision_experiments/raw_runs/estimator_matrix/Chem_Site_Context_xgboost/seed_1/metrics.json
A+B+C,Chemistry + Site + Context,XGBoost,xgboost,2,0.4608611597831435,0.8388650307694591,0.5098862605549946,0.7352127927979817,,,completed,,"{""colsample_bytree"": 0.8141623922730181, ""learning_rate"": 0.02464642482388823, ""max_depth"": 5, ""min_child_weight"": 2, ""n_estimators"": 402, ""reg_alpha"": 0.008548946074458646, ""reg_lambda"": 1.3618047799955293, ""subsample"": 0.8726695420821594}",results/minor_revision_experiments/raw_runs/estimator_matrix/Chem_Site_Context_xgboost/seed_2/metrics.json
A+B+C,Chemistry + Site + Context,XGBoost,xgboost,3,0.4463870779210576,0.8500508185228992,0.5227880484763305,0.716901781972499,,,completed,,"{""colsample_bytree"": 0.6028502078038063, ""learning_rate"": 0.038649878530712924, ""max_depth"": 3, ""min_child_weight"": 1, ""n_estimators"": 992, ""reg_alpha"": 1.9808391617612675e-05, ""reg_lambda"": 3.754411960260967e-06, ""subsample"": 0.8072391661378918}",results/minor_revision_experiments/raw_runs/estimator_matrix/Chem_Site_Context_xgboost/seed_3/metrics.json
A+B+C,Chemistry + Site + Context,XGBoost,xgboost,4,0.4720781681225819,0.8300926945671675,0.498254334649557,0.7464295411011085,,,completed,,"{""colsample_bytree"": 0.8797472674741742, ""learning_rate"": 0.013617072208157792, ""max_depth"": 6, ""min_child_weight"": 7, ""n_estimators"": 812, ""reg_alpha"": 1.2375770283641473e-05, ""reg_lambda"": 2.9501441348463497e-05, ""subsample"": 0.8091674346245505}",results/minor_revision_experiments/raw_runs/estimator_matrix/Chem_Site_Context_xgboost/seed_4/metrics.json
